<USERS>
<USER>
    <ID>1</ID>
    <NOM>DINI</NOM>
    <PRENOM>HAFSA</PRENOM>
    <DATENAISSANCE>21/01/2004</DATENAISSANCE>
    <SEXE>F</SEXE>
    <PSEUDO>HAFSA-DINI</PSEUDO>
    <EMAIL>HAFSADINI@GMAIL.COM</EMAIL>
    <MOTDEPASSE>HAFSA2004</MOTDEPASSE>
</USER>
<USER>
    <ID>2</ID>
    <NOM>IKRAM</NOM>
    <PRENOM>YASSMINE</PRENOM>
    <DATENAISSANCE>01/01/2004</DATENAISSANCE>
    <SEXE>F</SEXE>
    <PSEUDO>YASSMINE-IKRAM</PSEUDO>
    <EMAIL>YASSMINEIKRAM@GMAIL.COM</EMAIL>
    <MOTDEPASSE>YASSMINE2004</MOTDEPASSE>
</USER>
<USER>
    <ID>3</ID>
    <NOM>IBTISSAM</NOM>
    <PRENOM>KARIMA</PRENOM>
    <DATENAISSANCE>02/01/2004</DATENAISSANCE>
    <SEXE>F</SEXE>
    <PSEUDO>IBTISSAM-KARIMA</PSEUDO>
    <EMAIL>IBTISSAMKARIMA@GMAIL.COM</EMAIL>
    <MOTDEPASSE>IBTISSAM2004</MOTDEPASSE>
</USER>
<USER>
    <ID>4</ID>
    <NOM>RABIA</NOM>
    <PRENOM>ZINEB</PRENOM>
    <DATENAISSANCE>03/01/2004</DATENAISSANCE>
    <SEXE>F</SEXE>
    <PSEUDO>RABIA-ZINEB</PSEUDO>
    <EMAIL>RABIAZINEB@GMAIL.COM</EMAIL>
    <MOTDEPASSE>RABIA2004</MOTDEPASSE>
</USER>
</USERS>